num	image	title
1	../doomtowndb/00_files/01001.jpg	The Fourth Ring
2	../doomtowndb/00_files/01002.jpg	Law Dogs
3	../doomtowndb/00_files/01003.jpg	Morgan Cattle Co.
4	../doomtowndb/00_files/01004.jpg	The Sloane Gang
5	../doomtowndb/00_files/01005.jpg	Micah Ryse
6	../doomtowndb/00_files/01006.jpg	Mongwau the Mighty
7	../doomtowndb/00_files/01007.jpg	Bobo
8	../doomtowndb/00_files/01008.jpg	Arnold McCadish
9	../doomtowndb/00_files/01009.jpg	The Ghostly Gun
10	../doomtowndb/00_files/01010.jpg	Avie Cline
11	../doomtowndb/00_files/01011.jpg	Kevin Wainwright
12	../doomtowndb/00_files/01012.jpg	Tyxarglenak
13	../doomtowndb/00_files/01013.jpg	Jia Mein
14	../doomtowndb/00_files/01014.jpg	Ivor Hawley
15	../doomtowndb/00_files/01015.jpg	Lucinda "Lucy" Clover
16	../doomtowndb/00_files/01016.jpg	Judge Harry Somerset
17	../doomtowndb/00_files/01017.jpg	Philip Swinford
18	../doomtowndb/00_files/01018.jpg	Tommy Harden
19	../doomtowndb/00_files/01019.jpg	Prescott Utter
20	../doomtowndb/00_files/01020.jpg	Andreas Andregg
21	../doomtowndb/00_files/01021.jpg	Xiong "Wendy" Cheng
22	../doomtowndb/01_files/01022.jpg	Clyde Owens
23	../doomtowndb/01_files/01023.jpg	Abram Grothe
24	../doomtowndb/01_files/01024.jpg	Sheriff Dave Montreal
25	../doomtowndb/01_files/01025.jpg	Irving Patterson
26	../doomtowndb/01_files/01026.jpg	Prof. Eustace True
27	../doomtowndb/01_files/01027.jpg	Elander Boldman
28	../doomtowndb/01_files/01028.jpg	James Ghetty
29	../doomtowndb/01_files/01029.jpg	Jon Longstride
30	../doomtowndb/01_files/01030.jpg	Lane Healey
31	../doomtowndb/01_files/01031.jpg	Jarrett Blake
32	../doomtowndb/01_files/01032.jpg	Harold Aimslee
33	../doomtowndb/01_files/01033.jpg	Rémy LaPointe
34	../doomtowndb/01_files/01034.jpg	Max Baine
35	../doomtowndb/01_files/01035.jpg	Allie Hensman
36	../doomtowndb/01_files/01036.jpg	Fred Aims
37	../doomtowndb/01_files/01037.jpg	Lawrence Blackwood
38	../doomtowndb/01_files/01038.jpg	Marion Seville
39	../doomtowndb/01_files/01039.jpg	Sanford Taylor
40	../doomtowndb/01_files/01040.jpg	Barton Everest
41	../doomtowndb/01_files/01041.jpg	Pancho Castillo
42	../doomtowndb/01_files/01042.jpg	Jonah Essex
43	../doomtowndb/02_files/01043.jpg	Silas Aims
44	../doomtowndb/02_files/01044.jpg	Sloane
45	../doomtowndb/02_files/01045.jpg	Clementine Lepp
46	../doomtowndb/02_files/01046.jpg	Olivia Jenks
47	../doomtowndb/02_files/01047.jpg	Ramiro Mendoza
48	../doomtowndb/02_files/01048.jpg	Steele Archer
49	../doomtowndb/02_files/01049.jpg	Travis Moone
50	../doomtowndb/02_files/01050.jpg	Androcles Brocklehurst
51	../doomtowndb/02_files/01051.jpg	Steven Wiles
52	../doomtowndb/02_files/01052.jpg	Dr. Dawn Edwards
53	../doomtowndb/02_files/01053.jpg	Clint Ramsey
54	../doomtowndb/02_files/01054.jpg	Eve Henry
55	../doomtowndb/02_files/01055.jpg	Bank of California
56	../doomtowndb/02_files/01056.jpg	Pony Express
57	../doomtowndb/02_files/01057.jpg	Gomorra Parish
58	../doomtowndb/02_files/01058.jpg	The Town Hall
59	../doomtowndb/02_files/01059.jpg	1st Baptist Church
60	../doomtowndb/02_files/01060.jpg	Yan Li's Tailoring
61	../doomtowndb/02_files/01061.jpg	B &amp; B Attorneys
62	../doomtowndb/02_files/01062.jpg	Dead Dog Tavern
63	../doomtowndb/02_files/01063.jpg	Charlie's Place
64	../doomtowndb/03_files/01064.jpg	Pearly's Palace
65	../doomtowndb/03_files/01065.jpg	Killer Bunnies Casino
66	../doomtowndb/03_files/01066.jpg	Stagecoach Office
67	../doomtowndb/03_files/01067.jpg	Blake Ranch
68	../doomtowndb/03_files/01068.jpg	Cattle Market
69	../doomtowndb/03_files/01069.jpg	Circle M Ranch
70	../doomtowndb/03_files/01070.jpg	Pat's Perch
71	../doomtowndb/03_files/01071.jpg	Bunkhouse
72	../doomtowndb/03_files/01072.jpg	Morgan Research Institute
73	../doomtowndb/03_files/01073.jpg	Carter's Bounties
74	../doomtowndb/03_files/01074.jpg	The Union Casino
75	../doomtowndb/03_files/01075.jpg	Jackson's Strike
76	../doomtowndb/03_files/01076.jpg	Undertaker
77	../doomtowndb/03_files/01077.jpg	General Store
78	../doomtowndb/03_files/01078.jpg	The Pharmacy
79	../doomtowndb/03_files/01079.jpg	Railroad Station
80	../doomtowndb/03_files/01080.jpg	Telegraph Office
81	../doomtowndb/03_files/01081.jpg	Pair of Six-Shooters
82	../doomtowndb/03_files/01082.jpg	Bluetick
83	../doomtowndb/03_files/01083.jpg	Peacemaker
84	../doomtowndb/03_files/01084.jpg	Shotgun
85	../doomtowndb/04_files/01085.jpg	Whiskey Flask
86	../doomtowndb/04_files/01086.jpg	Mustang
87	../doomtowndb/04_files/01087.jpg	Pearl-Handled Revolver
88	../doomtowndb/04_files/01088.jpg	Roan
89	../doomtowndb/04_files/01089.jpg	Auto-Revolver
90	../doomtowndb/04_files/01090.jpg	Pinto
91	../doomtowndb/04_files/01091.jpg	Flame-Thrower
92	../doomtowndb/04_files/01092.jpg	Force Field
93	../doomtowndb/04_files/01093.jpg	Quickdraw Handgun
94	../doomtowndb/04_files/01094.jpg	Mechanical Horse
95	../doomtowndb/04_files/01095.jpg	Tin Star
96	../doomtowndb/04_files/01096.jpg	Doyle's Hoyle
97	../doomtowndb/04_files/01097.jpg	Buffalo Rifle
98	../doomtowndb/04_files/01098.jpg	Legendary Holster
99	../doomtowndb/04_files/01099.jpg	Auto Cattle-Feeder
100	../doomtowndb/04_files/01100.jpg	Soul Blast
101	../doomtowndb/04_files/01101.jpg	Ace in the Hole
102	../doomtowndb/04_files/01102.jpg	Shadow Walk
103	../doomtowndb/04_files/01103.jpg	Blood Curse
104	../doomtowndb/04_files/01104.jpg	Raising Hell
105	../doomtowndb/04_files/01105.jpg	Establishin' Who's in Charge
106	../doomtowndb/05_files/01106.jpg	Hired Guns
107	../doomtowndb/05_files/01107.jpg	Lady Luck
108	../doomtowndb/05_files/01108.jpg	Bottom Dealin'
109	../doomtowndb/05_files/01109.jpg	Make the Smart Choice
110	../doomtowndb/05_files/01110.jpg	Tresspassin'
111	../doomtowndb/05_files/01111.jpg	Auction
112	../doomtowndb/05_files/01112.jpg	The Stakes Just Rose
113	../doomtowndb/05_files/01113.jpg	Sun in Yer Eyes
114	../doomtowndb/05_files/01114.jpg	Ambush
115	../doomtowndb/05_files/01115.jpg	Coachwhip!
116	../doomtowndb/05_files/01116.jpg	War Paint
117	../doomtowndb/05_files/01117.jpg	Bad Company
118	../doomtowndb/05_files/01118.jpg	Hiding in the Shadows
119	../doomtowndb/05_files/01119.jpg	Pistol Whip
120	../doomtowndb/05_files/01120.jpg	Concealed Weapons
121	../doomtowndb/05_files/01121.jpg	Hot Lead Flyin'
122	../doomtowndb/05_files/01122.jpg	One Good Turn…
123	../doomtowndb/05_files/01123.jpg	Kidnappin'
124	../doomtowndb/05_files/01124.jpg	Pinned Down
125	../doomtowndb/05_files/01125.jpg	Run 'Em Down!
126	../doomtowndb/05_files/01126.jpg	Bounty Hunter
127	../doomtowndb/06_files/01127.jpg	Reserves
128	../doomtowndb/06_files/01128.jpg	Rumors
129	../doomtowndb/06_files/01129.jpg	Cheatin' Varmint
130	../doomtowndb/06_files/01130.jpg	Fresh Horses
131	../doomtowndb/06_files/01131.jpg	Magical Distraction
132	../doomtowndb/06_files/01132.jpg	Extortion
133	../doomtowndb/06_files/01133.jpg	Recruitment Drive
134	../doomtowndb/06_files/01134.jpg	Unprepared
135	../doomtowndb/06_files/01135.jpg	A Coach Comes to Town
136	../doomtowndb/06_files/01136.jpg	Hex Slingin'
137	../doomtowndb/06_files/01137.jpg	This is a Holdup!
138	../doomtowndb/06_files/01138.jpg	Clear Out!
139	../doomtowndb/06_files/01139.jpg	Missed!
140	../doomtowndb/06_files/01140.jpg	Takin' Ya With Me
141	../doomtowndb/06_files/01141.jpg	Good Stiff Drink
142	../doomtowndb/06_files/01142.jpg	Point Blank
143	../doomtowndb/06_files/01143.jpg	A Secret Tunnel
144	../doomtowndb/06_files/01144.jpg	Joker (red)
145	../doomtowndb/06_files/01145.jpg	Joker (black)
146	../doomtowndb/06_files/01146.jpg	Gunslinger
