Image	Expansion	Back	Special Set
#BLANK	blank.png
#TILE	3x3
#FRAME_FRONT	frame_front.png
../img_crop/Firefly-page001.png	Base
../img_crop/Firefly-page002.png	Base
../img_crop/Firefly-page003.png	Base
../img_crop/Firefly-page004.png	Base
../img_crop/Firefly-page005.png	Base
../img_crop/Firefly-page006.png	Base
../img_crop/Firefly-page007.png	Base
../img_crop/Firefly-page008.png	Base
../img_crop/Firefly-page009.png	Base
../img_crop/Firefly-page010.png	Base
../img_crop/Firefly-page011.png	Base
../img_crop/Firefly-page012.png	Base
../img_crop/Firefly-page013.png	Base
../img_crop/Firefly-page014.png	Base
../img_crop/Firefly-page015.png	Base
../img_crop/Firefly-page016.png	Base
../img_crop/Firefly-page017.png	Base
../img_crop/Firefly-page018.png	Base
../img_crop/Firefly-page019.png	Base
../img_crop/Firefly-page020.png	Base
../img_crop/Firefly-page021.png	Base
../img_crop/Firefly-page022.png	Base
../img_crop/Firefly-page023.png	Base
../img_crop/Firefly-page024.png	Base
../img_crop/Firefly-page028.png	Base
../img_crop/Firefly-page028.png	Base
../img_crop/Firefly-page029.png	Base
../img_crop/Firefly-page029.png	Base
../img_crop/Firefly-page030.png	Base
../img_crop/Firefly-page031.png	Base
../img_crop/Firefly-page031.png	Base
../img_crop/Firefly-page031.png	Base
../img_crop/Firefly-page031.png	Base
../img_crop/Firefly-page031.png	Base
../img_crop/Firefly-page031.png	Base
../img_crop/Firefly-page031.png	Base
../img_crop/Firefly-page031.png	Base
../img_crop/Firefly-page031.png	Base
../img_crop/Firefly-page032.png	Base
../img_crop/Firefly-page032.png	Base
../img_crop/Firefly-page032.png	Base
../img_crop/Firefly-page033.png	Base
../img_crop/Firefly-page033.png	Base
../img_crop/Firefly-page033.png	Base
../img_crop/Firefly-page034.png	Base
../img_crop/Firefly-page034.png	Base
../img_crop/Firefly-page034.png	Base
../img_crop/Firefly-page034.png	Base
../img_crop/Firefly-page034.png	Base
../img_crop/Firefly-page034.png	Base
../img_crop/Firefly-page035.png	Base
../img_crop/Firefly-page035.png	Base
../img_crop/Firefly-page036.png	Base
../img_crop/Firefly-page036.png	Base
../img_crop/Firefly-page036.png	Base
../img_crop/Firefly-page036.png	Base
../img_crop/Firefly-page036.png	Base
../img_crop/Firefly-page036.png	Base
../img_crop/Firefly-page036.png	Base
../img_crop/Firefly-page036.png	Base
../img_crop/Firefly-page036.png	Base
../img_crop/Firefly-page037.png	Base
../img_crop/Firefly-page037.png	Base
../img_crop/Firefly-page037.png	Base
../img_crop/Firefly-page038.png	Base
../img_crop/Firefly-page039.png	Base
../img_crop/Firefly-page039.png	Base
../img_crop/Firefly-page039.png	Base
../img_crop/Firefly-page040.png	Base
../img_crop/Firefly-page040.png	Base
../img_crop/Firefly-page041.png	Base
../img_crop/Firefly-page041.png	Base
../img_crop/Firefly-page041.png	Base
../img_crop/Firefly-page042.png	Base
../img_crop/Firefly-page043.png	Base
../img_crop/Firefly-page043.png	Base
../img_crop/Firefly-page043.png	Base
../img_crop/Firefly-page043.png	Base
../img_crop/Firefly-page044.png	Base
../img_crop/Firefly-page044.png	Base
../img_crop/Firefly-page045.png	Base
../img_crop/Firefly-page046.png	Base
../img_crop/Firefly-page046.png	Base
../img_crop/Firefly-page047.png	Base
../img_crop/Firefly-page048.png	Base
../img_crop/Firefly-page049.png	Base
../img_crop/Firefly-page049.png	Base
../img_crop/Firefly-page050.png	Base
../img_crop/Firefly-page051.png	Base
../img_crop/Firefly-page051.png	Base
../img_crop/Firefly-page051.png	Base
../img_crop/Firefly-page051.png	Base
../img_crop/Firefly-page052.png	Base
../img_crop/Firefly-page053.png	Base
../img_crop/Firefly-page053.png	Base
../img_crop/Firefly-page053.png	Base
../img_crop/Firefly-page054.png	Base
../img_crop/Firefly-page055.png	Base
../img_crop/Firefly-page056.png	Base
../img_crop/Firefly-page057.png	Base
../img_crop/Firefly-page058.png	Base
../img_crop/Firefly-page058.png	Base
../img_crop/Firefly-page059.png	Base
../img_crop/Firefly-page060.png	Base
../img_crop/Firefly-page061.png	Base
../img_crop/Firefly-page061.png	Base
../img_crop/Firefly-page061.png	Base
../img_crop/Firefly-page062.png	Base
../img_crop/Firefly-page063.png	Base
../img_crop/Firefly-page064.png	Base
../img_crop/Firefly-page064.png	Base
../img_crop/Firefly-page064.png	Base
../img_crop/Firefly-page064.png	Base
../img_crop/Firefly-page065.png	Base
../img_crop/Firefly-page066.png	Base
../img_crop/Firefly-page066.png	Base
../img_crop/Firefly-page066.png	Base
../img_crop/Firefly-page067.png	Base
../img_crop/Firefly-page068.png	Base
../img_crop/Firefly-page068.png	Base
../img_crop/Firefly-page068.png	Base
../img_crop/Firefly-page069.png	Base
../img_crop/Firefly-page070.png	Base
../img_crop/Firefly-page070.png	Base
../img_crop/Firefly-page071.png	Base
../img_crop/Firefly-page071.png	Base
../img_crop/Firefly-page071.png	Base
../img_crop/Firefly-page072.png	Base
../img_crop/Firefly-page073.png	Base
../img_crop/Firefly-page074.png	Base
../img_crop/Firefly-page075.png	Base
../img_crop/Firefly-page076.png	Base
../img_crop/Firefly-page077.png	Base
../img_crop/Firefly-page077.png	Base
../img_crop/Firefly-page078.png	Base
../img_crop/Firefly-page078.png	Base
../img_crop/Firefly-page079.png	Base
../img_crop/Firefly-page080.png	Base
../img_crop/Firefly-page080.png	Base
../img_crop/Firefly-page081.png	Base
../img_crop/Firefly-page082.png	Base
../img_crop/Firefly-page083.png	Base
../img_crop/Firefly-page084.png	Base
../img_crop/Firefly-page085.png	Base
../img_crop/Firefly-page085.png	Base
../img_crop/Firefly-page085.png	Base
../img_crop/Firefly-page085.png	Base
../img_crop/Firefly-page086.png	Base
../img_crop/Firefly-page087.png	Base
../img_crop/Firefly-page088.png	Base
../img_crop/Firefly-page089.png	Base
../img_crop/Firefly-page090.png	Base
../img_crop/Firefly-page091.png	Base
../img_crop/Firefly-page091.png	Base
../img_crop/Firefly-page091.png	Base
../img_crop/Firefly-page092.png	Base
../img_crop/Firefly-page093.png	Base
../img_crop/Firefly-page094.png	Base
../img_crop/Firefly-page095.png	Base
../img_crop/Firefly-page095.png	Base
../img_crop/Firefly-page095.png	Base
../img_crop/Firefly-page095.png	Base
../img_crop/Firefly-page096.png	Base
../img_crop/Firefly-page097.png	Base
../img_crop/Firefly-page098.png	Base
../img_crop/Firefly-page099.png	Base
../img_crop/Firefly-page100.png	Base
../img_crop/Firefly-page101.png	Base
../img_crop/Firefly-page102.png	Base
../img_crop/Firefly-page103.png	Base
../img_crop/Firefly-page103.png	Base
../img_crop/Firefly-page103.png	Base
../img_crop/Firefly-page104.png	Base
../img_crop/Firefly-page105.png	Base
../img_crop/Firefly-page105.png	Base
../img_crop/Firefly-page105.png	Base
../img_crop/Firefly-page106.png	Base
../img_crop/Firefly-page106.png	Base
../img_crop/Firefly-page106.png	Base
../img_crop/Firefly-page107.png	Base
../img_crop/Firefly-page108.png	Base
../img_crop/Firefly-page109.png	Base
../img_crop/Firefly-page109.png	Base
../img_crop/Firefly-page109.png	Base
../img_crop/Firefly-page110.png	Base
../img_crop/Firefly-page110.png	Base
../img_crop/Firefly-page110.png	Base
../img_crop/Firefly-page110.png	Base
../img_crop/Firefly-page111.png	Base
../img_crop/Firefly-page112.png	Base
../img_crop/Firefly-page113.png	Base
../img_crop/Firefly-page114.png	Base
../img_crop/Firefly-page115.png	Base
../img_crop/Firefly-page116.png	Base
../img_crop/Firefly-page116.png	Base
../img_crop/Firefly-page117.png	Base
../img_crop/Firefly-page118.png	Base
../img_crop/Firefly-page119.png	Base
../img_crop/Firefly-page120.png	Base
../img_crop/Firefly-page121.png	Base
../img_crop/Firefly-page121.png	Base
../img_crop/Firefly-page122.png	Base
../img_crop/Firefly-page122.png	Base
../img_crop/Firefly-page122.png	Base
../img_crop/Firefly-page123.png	Base
../img_crop/Firefly-page124.png	Base
../img_crop/Firefly-page125.png	Base
../img_crop/Firefly-page126.png	Base
../img_crop/Firefly-page127.png	Base
../img_crop/Firefly-page127.png	Base
../img_crop/Firefly-page128.png	Base
../img_crop/Firefly-page128.png	Base
../img_crop/Firefly-page128.png	Base
../img_crop/Firefly-page129.png	Base
../img_crop/Firefly-page130.png	Base
../img_crop/Firefly-page130.png	Base
../img_crop/Firefly-page131.png	Base
../img_crop/Firefly-page132.png	Base
../img_crop/Firefly-page133.png	Base
../img_crop/Firefly-page133.png	Base
../img_crop/Firefly-page134.png	Base
../img_crop/Firefly-page135.png	Base
../img_crop/Firefly-page136.png	Base
../img_crop/Firefly-page136.png	Base
../img_crop/Firefly-page137.png	Base
../img_crop/Firefly-page137.png	Base
../img_crop/Firefly-page138.png	Base
../img_crop/Firefly-page139.png	Base
../img_crop/Firefly-page139.png	Base
../img_crop/Firefly-page140.png	Base
../img_crop/Firefly-page141.png	Base
../img_crop/Firefly-page142.png	Base
../img_crop/Firefly-page143.png	Base
../img_crop/Firefly-page144.png	Base
../img_crop/Firefly-page145.png	Base
../img_crop/Firefly-page146.png	Base
../img_crop/Firefly-page147.png	Base
../img_crop/Firefly-page148.png	Base
../img_crop/Firefly-page149.png	Base
../img_crop/Firefly-page150.png	Base
../img_crop/Firefly-page151.png	Base
../img_crop/Firefly-page152.png	Base
../img_crop/Firefly-page153.png	Base
../img_crop/Firefly-page154.png	Base
../img_crop/Firefly-page155.png	Base
../img_crop/Firefly-page156.png	Base
../img_crop/Firefly-page157.png	Base
../img_crop/Firefly-page158.png	Base
../img_crop/Firefly-page159.png	Base
../img_crop/Firefly-page160.png	Base
../img_crop/Firefly-page161.png	Base
../img_crop/Firefly-page162.png	Base
../img_crop/Firefly-page163.png	Base
../img_crop/Firefly-page164.png	Base
../img_crop/Firefly-page165.png	Base
../img_crop/Firefly-page166.png	Base
../img_crop/Firefly-page167.png	Base
../img_crop/Firefly-page168.png	Base
../img_crop/Firefly-page169.png	Base
../img_crop/Firefly-page170.png	Base
../img_crop/Firefly-page171.png	Base
../img_crop/Firefly-page172.png	Base
../img_crop/Firefly-page173.png	Base
../img_crop/Firefly-page174.png	Base
../img_crop/Firefly-page175.png	Base
../img_crop/Firefly-page176.png	Base
../img_crop/Firefly-page177.png	Base
../img_crop/Firefly-page178.png	Base
../img_crop/Firefly-page179.png	Base
../img_crop/Firefly-page180.png	Base
../img_crop/Firefly-page181.png	Base
../img_crop/Firefly-page182.png	Base
../img_crop/Firefly-page183.png	Base
../img_crop/Firefly-page183.png	Base
../img_crop/Firefly-page183.png	Base
../img_crop/Firefly-page221.png	Base
../img_crop/Firefly-page221.png	Base
../img_crop/Firefly-page221.png	Base
../img_crop/Firefly-page221.png	Base
../img_crop/Firefly-page221.png	Base
../img_crop/Firefly-page222.png	Base
../img_crop/Firefly-page222.png	Base
../img_crop/Firefly-page222.png	Base
../img_crop/Firefly-page222.png	Base
../img_crop/Firefly-page222.png	Base
../img_crop/Firefly-page184.png	Base
../img_crop/Firefly-page185.png	Base
../img_crop/Firefly-page185.png	Base
../img_crop/Firefly-page185.png	Base
../img_crop/Firefly-page186.png	Base
../img_crop/Firefly-page186.png	Base
../img_crop/Firefly-page186.png	Base
../img_crop/Firefly-page186.png	Base
../img_crop/Firefly-page186.png	Base
../img_crop/Firefly-page187.png	Base
../img_crop/Firefly-page187.png	Base
../img_crop/Firefly-page187.png	Base
../img_crop/Firefly-page187.png	Base
../img_crop/Firefly-page187.png	Base
../img_crop/Firefly-page188.png	Base
../img_crop/Firefly-page189.png	Base
../img_crop/Firefly-page189.png	Base
../img_crop/Firefly-page189.png	Base
../img_crop/Firefly-page189.png	Base
../img_crop/Firefly-page189.png	Base
../img_crop/Firefly-page190.png	Base
../img_crop/Firefly-page190.png	Base
../img_crop/Firefly-page190.png	Base
../img_crop/Firefly-page191.png	Base
../img_crop/Firefly-page191.png	Base
../img_crop/Firefly-page191.png	Base
../img_crop/Firefly-page191.png	Base
../img_crop/Firefly-page191.png	Base
../img_crop/Firefly-page192.png	Base
../img_crop/Firefly-page192.png	Base
../img_crop/Firefly-page192.png	Base
../img_crop/Firefly-page193.png	Base
../img_crop/Firefly-page194.png	Base
../img_crop/Firefly-page194.png	Base
../img_crop/Firefly-page194.png	Base
../img_crop/Firefly-page194.png	Base
../img_crop/Firefly-page194.png	Base
../img_crop/Firefly-page195.png	Base
../img_crop/Firefly-page195.png	Base
../img_crop/Firefly-page195.png	Base
../img_crop/Firefly-page195.png	Base
../img_crop/Firefly-page195.png	Base
../img_crop/Firefly-page196.png	Base
../img_crop/Firefly-page196.png	Base
../img_crop/Firefly-page196.png	Base
../img_crop/Firefly-page197.png	Base
../img_crop/Firefly-page197.png	Base
../img_crop/Firefly-page197.png	Base
../img_crop/Firefly-page197.png	Base
../img_crop/Firefly-page197.png	Base
../img_crop/Firefly-page198.png	Base
../img_crop/Firefly-page199.png	Base
../img_crop/Firefly-page199.png	Base
../img_crop/Firefly-page199.png	Base
../img_crop/Firefly-page199.png	Base
../img_crop/Firefly-page199.png	Base
../img_crop/Firefly-page205.png	Base
../img_crop/Firefly-page205.png	Base
../img_crop/Firefly-page205.png	Base
../img_crop/Firefly-page205.png	Base
../img_crop/Firefly-page205.png	Base
../img_crop/Firefly-page206.png	Base
../img_crop/Firefly-page206.png	Base
../img_crop/Firefly-page206.png	Base
../img_crop/Firefly-page206.png	Base
../img_crop/Firefly-page206.png	Base
../img_crop/Firefly-page207.png	Base
../img_crop/Firefly-page208.png	Base
../img_crop/Firefly-page208.png	Base
../img_crop/Firefly-page208.png	Base
../img_crop/Firefly-page209.png	Base
../img_crop/Firefly-page209.png	Base
../img_crop/Firefly-page209.png	Base
../img_crop/Firefly-page209.png	Base
../img_crop/Firefly-page209.png	Base
../img_crop/Firefly-page210.png	Base
../img_crop/Firefly-page211.png	Base
../img_crop/Firefly-page211.png	Base
../img_crop/Firefly-page211.png	Base
../img_crop/Firefly-page211.png	Base
../img_crop/Firefly-page211.png	Base
../img_crop/Firefly-page212.png	Base
../img_crop/Firefly-page212.png	Base
../img_crop/Firefly-page212.png	Base
../img_crop/Firefly-page213.png	Base
../img_crop/Firefly-page213.png	Base
../img_crop/Firefly-page213.png	Base
../img_crop/Firefly-page213.png	Base
../img_crop/Firefly-page213.png	Base
../img_crop/Firefly-page214.png	Base
../img_crop/Firefly-page214.png	Base
../img_crop/Firefly-page214.png	Base
../img_crop/Firefly-page215.png	Base
../img_crop/Firefly-page215.png	Base
../img_crop/Firefly-page215.png	Base
../img_crop/Firefly-page215.png	Base
../img_crop/Firefly-page215.png	Base
../img_crop/Firefly-page216.png	Base
../img_crop/Firefly-page217.png	Base
../img_crop/Firefly-page218.png	Base
../img_crop/Firefly-page218.png	Base
../img_crop/Firefly-page218.png	Base
../img_crop/Firefly-page218.png	Base
../img_crop/Firefly-page218.png	Base
../img_crop/Firefly-page219.png	Base
../img_crop/Firefly-page219.png	Base
../img_crop/Firefly-page219.png	Base
../img_crop/Firefly-page219.png	Base
../img_crop/Firefly-page219.png	Base
../img_crop/Firefly-page220.png	Base
../img_crop/Firefly-page220.png	Base
../img_crop/Firefly-page220.png	Base
../img_crop/Firefly-page200.png	Base
../img_crop/Firefly-page201.png	Base
../img_crop/Firefly-page202.png	Base
../img_crop/Firefly-page203.png	Base
../img_crop/Firefly-page204.png	Base
../img_crop/Firefly-page223.png	Base
../img_crop/Firefly-page223.png	Base
../img_crop/Firefly-page223.png	Base
../img_crop/Firefly-page223.png	Base
../img_crop/Firefly-page223.png	Base
../img_crop/Firefly-page223.png	Base
../img_crop/Firefly-page223.png	Base
../img_crop/Firefly-page223.png	Base
../img_crop/Firefly-page223.png	Base
../img_crop/Firefly-page223.png	Base
../img_crop/Firefly-page223.png	Base
../img_crop/Firefly-page223.png	Base
../img_crop/Firefly-page223.png	Base
../img_crop/Firefly-page223.png	Base
../img_crop/Firefly-page223.png	Base
../img_crop/Firefly-page223.png	Base
../img_crop/Firefly-page223.png	Base
../img_crop/Firefly-page223.png	Base
../img_crop/Firefly-page223.png	Base
../img_crop/Firefly-page223.png	Base
../img_crop/Firefly-page223.png	Base
../img_crop/Firefly-page223.png	Base
../img_crop/Firefly-page223.png	Base
../img_crop/Firefly-page223.png	Base
../img_crop/Firefly-page223.png	Base
../img_crop/Firefly-page224.png	Base
../img_crop/Firefly-page224.png	Base
../img_crop/Firefly-page224.png	Base
../img_crop/Firefly-page224.png	Base
../img_crop/Firefly-page224.png	Base
../img_crop/Firefly-page224.png	Base
../img_crop/Firefly-page224.png	Base
../img_crop/Firefly-page224.png	Base
../img_crop/Firefly-page224.png	Base
../img_crop/Firefly-page224.png	Base
../img_crop/Firefly-page224.png	Base
../img_crop/Firefly-page224.png	Base
../img_crop/Firefly-page224.png	Base
../img_crop/Firefly-page224.png	Base
../img_crop/Firefly-page224.png	Base
../img_crop/Firefly-page224.png	Base
../img_crop/Firefly-page224.png	Base
../img_crop/Firefly-page224.png	Base
../img_crop/Firefly-page224.png	Base
../img_crop/Firefly-page224.png	Base
../img_crop/Firefly-page224.png	Base
../img_crop/Firefly-page224.png	Base
../img_crop/Firefly-page224.png	Base
../img_crop/Firefly-page224.png	Base
../img_crop/Firefly-page224.png	Base
../img_crop/Firefly-page224.png	Base
../img_crop/Firefly-page224.png	Base
../img_crop/Firefly-page224.png	Base
../img_crop/Firefly-page224.png	Base
../img_crop/Firefly-page224.png	Base
../img_crop/Firefly-page224.png	Base
../img_crop/Firefly-page224.png	Base
../img_crop/Firefly-page224.png	Base
../img_crop/Firefly-page224.png	Base
../img_crop/Firefly-page224.png	Base
../img_crop/Firefly-page225.png	Base
../img_crop/Firefly-page225.png	Base
../img_crop/Firefly-page225.png	Base
../img_crop/Firefly-page225.png	Base
../img_crop/Firefly-page225.png	Base
../img_crop/Firefly-page225.png	Base
../img_crop/Firefly-page225.png	Base
../img_crop/Firefly-page225.png	Base
../img_crop/Firefly-page225.png	Base
../img_crop/Firefly-page225.png	Base
../img_crop/Firefly-page225.png	Base
../img_crop/Firefly-page225.png	Base
../img_crop/Firefly-page225.png	Base
../img_crop/Firefly-page225.png	Base
../img_crop/Firefly-page225.png	Base
../img_crop/Firefly-page226.png	Base
../img_crop/Firefly-page226.png	Base
../img_crop/Firefly-page226.png	Base
../img_crop/Firefly-page226.png	Base
../img_crop/Firefly-page226.png	Base
../img_crop/Firefly-page226.png	Base
../img_crop/Firefly-page226.png	Base
../img_crop/Firefly-page226.png	Base
../img_crop/Firefly-page226.png	Base
../img_crop/Firefly-page226.png	Base
../img_crop/Firefly-page226.png	Base
../img_crop/Firefly-page226.png	Base
../img_crop/Firefly-page226.png	Base
../img_crop/Firefly-page226.png	Base
../img_crop/Firefly-page226.png	Base
../img_crop/Firefly-page226.png	Base
../img_crop/Firefly-page226.png	Base
../img_crop/Firefly-page226.png	Base
../img_crop/Firefly-page226.png	Base
../img_crop/Firefly-page226.png	Base
blank.png	Base
blank.png	Base
blank.png	Base
blank.png	Base
blank.png	Base
blank.png	Base
blank.png	Base
../img_crop/Firefly-page025.png	Base
../img_crop/Firefly-page026.png	Base
../img_crop/Firefly-page027.png	Base
