ex	tw-page001	tw-capr-dark-01
ex	tw-page002	tw-capr-dark-02
ex	tw-page003	tw-capr-dark-03
ex	tw-page004	tw-capr-dark-04
ex	tw-page005	tw-capr-dark-05
ex	tw-page006	tw-capr-dark-06
ex	tw-page007	tw-capr-dark-07
ex	tw-page008	tw-capr-dark-08
ex	tw-page009	tw-capr-dark-09
ex	tw-page010	tw-capr-dark-10
ex	tw-page011	tw-capr-dark-11
ex	tw-page012	tw-capr-dark-12
ex	tw-page013	tw-capr-dark-13
ex	tw-page014	tw-capr-dark-14
ex	tw-page015	tw-capr-dark-15
ex	tw-page016	tw-capr-dark-16
ex	tw-page017	tw-capr-dark-17
ex	tw-page018	tw-capr-dark-18
ex	tw-page019	tw-capr-dark-19
ex	tw-page020	tw-capr-dark-20
ex	tw-page021	tw-capr-dark-21
ex	tw-page022	tw-capr-dark-22
tl		blank
tl		blank
tl		blank
tl		blank
tl		blank
		
tl		tw-capr-dark-back
tl		tw-capr-dark-back
tl		tw-capr-dark-back
tl		tw-capr-dark-back
tl		tw-capr-dark-back
tl		tw-capr-dark-back
tl		tw-capr-dark-back
tl		tw-capr-dark-back
tl		tw-capr-dark-back
		
ex	tw-page023	tw-capr-lite-01
ex	tw-page024	tw-capr-lite-02
ex	tw-page025	tw-capr-lite-03
ex	tw-page026	tw-capr-lite-04
ex	tw-page027	tw-capr-lite-05
ex	tw-page028	tw-capr-lite-06
ex	tw-page029	tw-capr-lite-07
ex	tw-page030	tw-capr-lite-08
ex	tw-page031	tw-capr-lite-09
ex	tw-page032	tw-capr-lite-10
ex	tw-page033	tw-capr-lite-11
ex	tw-page034	tw-capr-lite-12
ex	tw-page035	tw-capr-lite-13
ex	tw-page036	tw-capr-lite-14
ex	tw-page037	tw-capr-lite-15
ex	tw-page038	tw-capr-lite-16
ex	tw-page039	tw-capr-lite-17
ex	tw-page040	tw-capr-lite-18
ex	tw-page041	tw-capr-lite-19
ex	tw-page042	tw-capr-lite-20
ex	tw-page043	tw-capr-lite-21
ex	tw-page044	tw-capr-lite-22
tl		blank
tl		blank
tl		blank
tl		blank
tl		blank
		
tl		tw-capr-lite-back
tl		tw-capr-lite-back
tl		tw-capr-lite-back
tl		tw-capr-lite-back
tl		tw-capr-lite-back
tl		tw-capr-lite-back
tl		tw-capr-lite-back
tl		tw-capr-lite-back
tl		tw-capr-lite-back
		
ex	tw-page045	tw-floy-dark-01
ex	tw-page046	tw-floy-dark-02
ex	tw-page047	tw-floy-dark-03
ex	tw-page048	tw-floy-dark-04
ex	tw-page049	tw-floy-dark-05
ex	tw-page050	tw-floy-dark-06
ex	tw-page051	tw-floy-dark-07
ex	tw-page052	tw-floy-dark-08
ex	tw-page053	tw-floy-dark-09
ex	tw-page054	tw-floy-dark-10
ex	tw-page055	tw-floy-dark-11
ex	tw-page056	tw-floy-dark-12
ex	tw-page057	tw-floy-dark-13
ex	tw-page058	tw-floy-dark-14
ex	tw-page059	tw-floy-dark-15
ex	tw-page060	tw-floy-dark-16
ex	tw-page061	tw-floy-dark-17
ex	tw-page062	tw-floy-dark-18
ex	tw-page063	tw-floy-dark-19
ex	tw-page064	tw-floy-dark-20
ex	tw-page065	tw-floy-dark-21
tl		blank
tl		blank
tl		blank
tl		blank
tl		blank
tl		blank
		
tl		tw-floy-dark-back
tl		tw-floy-dark-back
tl		tw-floy-dark-back
tl		tw-floy-dark-back
tl		tw-floy-dark-back
tl		tw-floy-dark-back
tl		tw-floy-dark-back
tl		tw-floy-dark-back
tl		tw-floy-dark-back
		
ex	tw-page066	tw-floy-lite-01
ex	tw-page066	tw-floy-lite-02
ex	tw-page067	tw-floy-lite-03
ex	tw-page068	tw-floy-lite-04
ex	tw-page069	tw-floy-lite-05
ex	tw-page070	tw-floy-lite-06
ex	tw-page071	tw-floy-lite-07
ex	tw-page072	tw-floy-lite-08
ex	tw-page073	tw-floy-lite-09
ex	tw-page074	tw-floy-lite-10
ex	tw-page075	tw-floy-lite-11
ex	tw-page076	tw-floy-lite-12
ex	tw-page077	tw-floy-lite-13
ex	tw-page078	tw-floy-lite-14
ex	tw-page079	tw-floy-lite-15
ex	tw-page080	tw-floy-lite-16
ex	tw-page081	tw-floy-lite-17
ex	tw-page082	tw-floy-lite-18
ex	tw-page083	tw-floy-lite-19
ex	tw-page084	tw-floy-lite-20
ex	tw-page085	tw-floy-lite-21
tl		blank
tl		blank
tl		blank
tl		blank
tl		blank
tl		blank
		
tl		tw-floy-lite-back
tl		tw-floy-lite-back
tl		tw-floy-lite-back
tl		tw-floy-lite-back
tl		tw-floy-lite-back
tl		tw-floy-lite-back
tl		tw-floy-lite-back
tl		tw-floy-lite-back
tl		tw-floy-lite-back
		
ex	tw-page086	tw-loui-dark-01
ex	tw-page087	tw-loui-dark-02
ex	tw-page088	tw-loui-dark-03
ex	tw-page089	tw-loui-dark-04
ex	tw-page090	tw-loui-dark-05
ex	tw-page091	tw-loui-dark-06
ex	tw-page092	tw-loui-dark-07
ex	tw-page093	tw-loui-dark-08
ex	tw-page094	tw-loui-dark-09
ex	tw-page095	tw-loui-dark-10
ex	tw-page096	tw-loui-dark-11
ex	tw-page097	tw-loui-dark-12
ex	tw-page098	tw-loui-dark-13
ex	tw-page099	tw-loui-dark-14
ex	tw-page100	tw-loui-dark-15
ex	tw-page101	tw-loui-dark-16
ex	tw-page102	tw-loui-dark-17
ex	tw-page103	tw-loui-dark-18
ex	tw-page104	tw-loui-dark-19
ex	tw-page105	tw-loui-dark-20
ex	tw-page106	tw-loui-dark-21
tl		blank
tl		blank
tl		blank
tl		blank
tl		blank
tl		blank
		
tl		tw-loui-dark-back
tl		tw-loui-dark-back
tl		tw-loui-dark-back
tl		tw-loui-dark-back
tl		tw-loui-dark-back
tl		tw-loui-dark-back
tl		tw-loui-dark-back
tl		tw-loui-dark-back
tl		tw-loui-dark-back
		
ex	tw-page107	tw-loui-lite-01
ex	tw-page108	tw-loui-lite-02
ex	tw-page109	tw-loui-lite-03
ex	tw-page110	tw-loui-lite-04
ex	tw-page111	tw-loui-lite-05
ex	tw-page112	tw-loui-lite-06
ex	tw-page113	tw-loui-lite-07
ex	tw-page114	tw-loui-lite-08
ex	tw-page115	tw-loui-lite-09
ex	tw-page116	tw-loui-lite-10
ex	tw-page117	tw-loui-lite-11
ex	tw-page118	tw-loui-lite-12
ex	tw-page119	tw-loui-lite-13
ex	tw-page120	tw-loui-lite-14
ex	tw-page121	tw-loui-lite-15
ex	tw-page122	tw-loui-lite-16
ex	tw-page123	tw-loui-lite-17
ex	tw-page124	tw-loui-lite-18
ex	tw-page125	tw-loui-lite-19
ex	tw-page126	tw-loui-lite-20
ex	tw-page127	tw-loui-lite-21
tl		blank
tl		blank
tl		blank
tl		blank
tl		blank
tl		blank
		
tl		tw-loui-lite-back
tl		tw-loui-lite-back
tl		tw-loui-lite-back
tl		tw-loui-lite-back
tl		tw-loui-lite-back
tl		tw-loui-lite-back
tl		tw-loui-lite-back
tl		tw-loui-lite-back
tl		tw-loui-lite-back
		
ex	tw-page128	tw-rach-dark-01
ex	tw-page129	tw-rach-dark-02
ex	tw-page130	tw-rach-dark-03
ex	tw-page131	tw-rach-dark-04
ex	tw-page132	tw-rach-dark-05
ex	tw-page133	tw-rach-dark-06
ex	tw-page134	tw-rach-dark-07
ex	tw-page135	tw-rach-dark-08
ex	tw-page136	tw-rach-dark-09
ex	tw-page137	tw-rach-dark-10
ex	tw-page138	tw-rach-dark-11
ex	tw-page139	tw-rach-dark-12
ex	tw-page140	tw-rach-dark-13
ex	tw-page141	tw-rach-dark-14
ex	tw-page142	tw-rach-dark-15
ex	tw-page143	tw-rach-dark-16
ex	tw-page144	tw-rach-dark-17
ex	tw-page145	tw-rach-dark-18
ex	tw-page146	tw-rach-dark-19
ex	tw-page147	tw-rach-dark-20
ex	tw-page148	tw-rach-dark-21
tl		blank
tl		blank
tl		blank
tl		blank
tl		blank
tl		blank
		
tl		tw-rach-dark-back
tl		tw-rach-dark-back
tl		tw-rach-dark-back
tl		tw-rach-dark-back
tl		tw-rach-dark-back
tl		tw-rach-dark-back
tl		tw-rach-dark-back
tl		tw-rach-dark-back
tl		tw-rach-dark-back
		
ex	tw-page149	tw-rach-lite-01
ex	tw-page150	tw-rach-lite-02
ex	tw-page151	tw-rach-lite-03
ex	tw-page152	tw-rach-lite-04
ex	tw-page153	tw-rach-lite-05
ex	tw-page154	tw-rach-lite-06
ex	tw-page155	tw-rach-lite-07
ex	tw-page156	tw-rach-lite-08
ex	tw-page157	tw-rach-lite-09
ex	tw-page158	tw-rach-lite-10
ex	tw-page159	tw-rach-lite-11
ex	tw-page160	tw-rach-lite-12
ex	tw-page161	tw-rach-lite-13
ex	tw-page162	tw-rach-lite-14
ex	tw-page163	tw-rach-lite-15
ex	tw-page164	tw-rach-lite-16
ex	tw-page165	tw-rach-lite-17
ex	tw-page166	tw-rach-lite-18
ex	tw-page167	tw-rach-lite-19
ex	tw-page168	tw-rach-lite-20
ex	tw-page169	tw-rach-lite-21
tl		blank
tl		blank
tl		blank
tl		blank
tl		blank
tl		blank
		
tl		tw-rach-lite-back
tl		tw-rach-lite-back
tl		tw-rach-lite-back
tl		tw-rach-lite-back
tl		tw-rach-lite-back
tl		tw-rach-lite-back
tl		tw-rach-lite-back
tl		tw-rach-lite-back
tl		tw-rach-lite-back
		
ex	tw-page170	tw-raym-dark-01
ex	tw-page171	tw-raym-dark-02
ex	tw-page172	tw-raym-dark-03
ex	tw-page173	tw-raym-dark-04
ex	tw-page174	tw-raym-dark-05
ex	tw-page175	tw-raym-dark-06
ex	tw-page176	tw-raym-dark-07
ex	tw-page177	tw-raym-dark-08
ex	tw-page178	tw-raym-dark-09
ex	tw-page179	tw-raym-dark-10
ex	tw-page180	tw-raym-dark-11
ex	tw-page181	tw-raym-dark-12
ex	tw-page182	tw-raym-dark-13
ex	tw-page183	tw-raym-dark-14
ex	tw-page184	tw-raym-dark-15
ex	tw-page185	tw-raym-dark-16
ex	tw-page186	tw-raym-dark-17
ex	tw-page187	tw-raym-dark-18
ex	tw-page188	tw-raym-dark-19
ex	tw-page189	tw-raym-dark-20
tl		blank
tl		blank
tl		blank
tl		blank
tl		blank
tl		blank
tl		blank
		
tl		tw-raym-dark-back
tl		tw-raym-dark-back
tl		tw-raym-dark-back
tl		tw-raym-dark-back
tl		tw-raym-dark-back
tl		tw-raym-dark-back
tl		tw-raym-dark-back
tl		tw-raym-dark-back
tl		tw-raym-dark-back
		
ex	tw-page190	tw-raym-lite-01
ex	tw-page191	tw-raym-lite-02
ex	tw-page192	tw-raym-lite-03
ex	tw-page193	tw-raym-lite-04
ex	tw-page194	tw-raym-lite-05
ex	tw-page195	tw-raym-lite-06
ex	tw-page196	tw-raym-lite-07
ex	tw-page197	tw-raym-lite-08
ex	tw-page198	tw-raym-lite-09
ex	tw-page199	tw-raym-lite-10
ex	tw-page200	tw-raym-lite-11
ex	tw-page201	tw-raym-lite-12
ex	tw-page202	tw-raym-lite-13
ex	tw-page203	tw-raym-lite-14
ex	tw-page204	tw-raym-lite-15
ex	tw-page205	tw-raym-lite-16
ex	tw-page206	tw-raym-lite-17
ex	tw-page207	tw-raym-lite-18
ex	tw-page208	tw-raym-lite-19
ex	tw-page209	tw-raym-lite-20
tl		blank
tl		blank
tl		blank
tl		blank
tl		blank
tl		blank
tl		blank
		
tl		tw-raym-lite-back
tl		tw-raym-lite-back
tl		tw-raym-lite-back
tl		tw-raym-lite-back
tl		tw-raym-lite-back
tl		tw-raym-lite-back
tl		tw-raym-lite-back
tl		tw-raym-lite-back
tl		tw-raym-lite-back
